timestamp,question,answer,sources_json
2025-09-23T01:13:01Z,How many thesis credits must a master’s student enroll in?,at least 6 but no more than 10,"[""- Master's Thesis > Thesis Credit (https://catalog.unh.edu/graduate/academic-regulations-degree-requirements/degree-requirements/#:~:text=During%20their%20degree%20program%2C%20a%20student%20completing%20a%20thesis%20must%20enroll%20in%20at%20least%206%20but%20no%20more%20than%2010%20thesis%20credits.)"", ""- Master's Degree Requirements > Credits (https://catalog.unh.edu/graduate/academic-regulations-degree-requirements/degree-requirements/#:~:text=Many%20programs%20require%20substantially%20more%20than%20the%20minimum%2030%20credits.)"", ""- Certificate Programs (https://catalog.unh.edu/graduate/academic-regulations-degree-requirements/degree-requirements/#:~:text=Courses%20may%20be%20applied%20to%20only%20one%20certificate%20program%20but%20may%20also%20be%20applied%20to%20a%20master%E2%80%99s%20or%20doctoral%20degree%20program%20at%20UNH.)""]"
2025-09-23T01:13:05Z,How many courses are required for a graduate certificate program?,at least 4 graduate courses for a minimum of 12 credits of graduate coursework (800- or 900-level courses) organized in a coherent and logical manner to provide knowledge and expertise relevant to a specific aspect of professional and/or personal development,"[""- Certificate Programs (https://catalog.unh.edu/graduate/academic-regulations-degree-requirements/degree-requirements/#:~:text=Graduate%20certificate%20programs%20require%20the%20completion%20of%20at%20least%204%20graduate%20courses%20for%20a%20minimum%20of%2012%20credits%20of%20graduate%20coursework%20%28800-%20or%20900-level)"", ""- Ph.D. Requirements > Credits (https://catalog.unh.edu/graduate/academic-regulations-degree-requirements/degree-requirements/#:~:text=Each%20program%20specifies%20the%20number%20of%20courses%20required%20for%20the%20degree.)"", ""- Master's Degree Requirements > Credits (https://catalog.unh.edu/graduate/academic-regulations-degree-requirements/degree-requirements/#:~:text=In%20rare%20cases%20graduate%20degree%20students%20may%20petition%20to%20earn%20graduate%20credit%20for%20up%20to%2012%20credits%20in%20700-%C2%ADlevel%20courses%2C%20provided%20the%20credits%20are%20taken%20in%20a)""]"
2025-09-23T01:15:21Z,How many thesis credits must a master’s student enroll in?,at least 6 but no more than 10,"[""- Master's Thesis > Thesis Credit (https://catalog.unh.edu/graduate/academic-regulations-degree-requirements/degree-requirements/#:~:text=During%20their%20degree%20program%2C%20a%20student%20completing%20a%20thesis%20must%20enroll%20in%20at%20least%206%20but%20no%20more%20than%2010%20thesis%20credits.)"", ""- Master's Degree Requirements > Credits (https://catalog.unh.edu/graduate/academic-regulations-degree-requirements/degree-requirements/#:~:text=Many%20programs%20require%20substantially%20more%20than%20the%20minimum%2030%20credits.)"", ""- Certificate Programs (https://catalog.unh.edu/graduate/academic-regulations-degree-requirements/degree-requirements/#:~:text=Courses%20may%20be%20applied%20to%20only%20one%20certificate%20program%20but%20may%20also%20be%20applied%20to%20a%20master%E2%80%99s%20or%20doctoral%20degree%20program%20at%20UNH.)""]"
2025-09-23T01:15:25Z,How many courses are required for a graduate certificate program?,at least 4 graduate courses for a minimum of 12 credits of graduate coursework (800- or 900-level courses) organized in a coherent and logical manner to provide knowledge and expertise relevant to a specific aspect of professional and/or personal development,"[""- Certificate Programs (https://catalog.unh.edu/graduate/academic-regulations-degree-requirements/degree-requirements/#:~:text=Graduate%20certificate%20programs%20require%20the%20completion%20of%20at%20least%204%20graduate%20courses%20for%20a%20minimum%20of%2012%20credits%20of%20graduate%20coursework%20%28800-%20or%20900-level)"", ""- Ph.D. Requirements > Credits (https://catalog.unh.edu/graduate/academic-regulations-degree-requirements/degree-requirements/#:~:text=Each%20program%20specifies%20the%20number%20of%20courses%20required%20for%20the%20degree.)"", ""- Master's Degree Requirements > Credits (https://catalog.unh.edu/graduate/academic-regulations-degree-requirements/degree-requirements/#:~:text=In%20rare%20cases%20graduate%20degree%20students%20may%20petition%20to%20earn%20graduate%20credit%20for%20up%20to%2012%20credits%20in%20700-%C2%ADlevel%20courses%2C%20provided%20the%20credits%20are%20taken%20in%20a)""]"
2025-09-24T01:33:30Z,How many thesis credits must a master’s student enroll in?,"at least 30 graduate credits , which include the credits accumulated in the core curriculum. Students in the thesis option must satisfactorily complete at least 30 graduate credits , which include the credits accumulated in the core curriculum. Students in this option must complete a master's thesis 6 credits , which include the credits accumulated in the core curriculum. Students in this option must complete a master's thesis 6 credits , which include the credits accumulated in the core curriculum. Students in this option must complete a master's thesis 6 credits , which include the credits accumulated in the core curriculum. Students","[""- Thesis Option (https://catalog.unh.edu/graduate/programs-study/earth-sciences/earth-sciences-ms/#:~:text=Students%20in%20the%20thesis%20option%20must%20satisfactorily%20complete%20at%20least%2030%20graduate%20credits%20%2C%20which%20include%20the%20credits%20accumulated%20in%20the%20core%20curriculum.)"", ""- Thesis Option (https://catalog.unh.edu/graduate/programs-study/earth-sciences/earth-sciences-geochemical-systems-ms/#:~:text=Students%20in%20the%20thesis%20option%20must%20satisfactorily%20complete%20at%20least%2030%20graduate%20credits%20%2C%20which%20include%20the%20credits%20accumulated%20in%20the%20core%20curriculum.)"", ""- Thesis Option (https://catalog.unh.edu/graduate/programs-study/earth-sciences/earth-sciences-ocean-mapping-ms/#:~:text=Students%20in%20the%20thesis%20option%20must%20satisfactorily%20complete%20at%20least%2030%20graduate%20credits%20%2C%20which%20include%20the%20credits%20accumulated%20in%20the%20core%20curriculum.)""]"
2025-09-24T01:33:49Z,What is the time limit for a master’s degree?,four years,"[""- Master's Time Limit (https://catalog.unh.edu/graduate/academic-regulations-degree-requirements/degree-requirements/#:~:text=All%20graduate%20work%20for%20any%20master%27s%20degree%20must%20normally%20be%20completed%20within%20four%20years%20from%20the%20date%20of%20matriculation%20%28enrollment%20following%20admission%29%20in%20the)"", ""- Doctoral Time Limits (https://catalog.unh.edu/graduate/academic-regulations-degree-requirements/degree-requirements/#:~:text=Years%20on%20leave%20do%20not%20count%20toward%20the%20time%20limit.)"", ""- Degree Requirements (https://catalog.unh.edu/graduate/programs-study/education/secondary-education-mat/#:~:text=The%20M.A.T.)""]"
2025-09-24T01:33:53Z,How many courses are required for a graduate certificate program?,at least 4 graduate courses for a minimum of 12 credits of graduate coursework (800- or 900-level courses) organized in a coherent and logical manner to provide knowledge and expertise relevant to a specific aspect of professional and/or personal development,"[""- Certificate Programs (https://catalog.unh.edu/graduate/academic-regulations-degree-requirements/degree-requirements/#:~:text=Graduate%20certificate%20programs%20require%20the%20completion%20of%20at%20least%204%20graduate%20courses%20for%20a%20minimum%20of%2012%20credits%20of%20graduate%20coursework%20%28800-%20or%20900-level)"", ""- Ph.D. Requirements > Credits (https://catalog.unh.edu/graduate/academic-regulations-degree-requirements/degree-requirements/#:~:text=Each%20program%20specifies%20the%20number%20of%20courses%20required%20for%20the%20degree.)"", ""- Certificate Requirements (https://catalog.unh.edu/graduate/programs-study/geospatial-science/geospatial-science-certificate/#:~:text=The%20certificate%20consists%20of%20completing%20five%20courses%20%2816%20credits%29.)""]"
2025-09-24T01:34:00Z,Are Ph.D. students assigned a guidance committee?,Yes,"[""- Ph.D. Requirements > Guidance Committee (https://catalog.unh.edu/graduate/academic-regulations-degree-requirements/degree-requirements/#:~:text=A%20guidance%20committee%20should%20be%20appointed%20by%20the%20program%20faculty%20as%20soon%20as%20possible%20after%20a%20student%20has%20begun%20study%20for%20the%20Ph.D.)"", ""- Ph.D. Requirements (https://catalog.unh.edu/graduate/programs-study/biochemistry/biochemistry-phd/#:~:text=However%2C%20only%20three%20members%20of%20the%20Guidance%20Committee%20are%20required%20for%20the%20second-year%20exam.)"", ""- Degree Requirements (https://catalog.unh.edu/graduate/programs-study/nutritional-sciences/nutritional-sciences-phd/#:~:text=Guidance%20and%20Dissertation%20Committees%20%3A%20During%20the%20first%20semester%2C%20the%20student%20and%20advisor%20jointly%20select%20members%20of%20a%20guidance%20committee.)""]"
2025-09-24T01:34:08Z,Tell me about the nursing certification,The nursing certification is the equivalent of a nursing degree.,"[""- Nursing (D.N.P.) (https://catalog.unh.edu/graduate/programs-study/nursing/nursing-dnp/)"", ""- Nursing (NURS) (https://catalog.unh.edu/graduate/course-descriptions/nurs/)""]"
2025-09-24T01:34:51Z,What are the admission requirements for the nursing program?,"Standard Graduate School requirements, the Nursing Department requires: Courses: Nursing: Direct Entry (M.S.) Courses: Nursing: Direct Entry (M.S.)","[""- Admission Requirements > Post-Master's Certification Admission Requirements (https://catalog.unh.edu/graduate/programs-study/nursing/#:~:text=In%20addition%20to%20the%20standard%20Graduate%20School%20requirements%2C%20the%20Nursing%20Department%20requires%3A)"", ""- Nursing: Direct Entry (M.S.) (https://catalog.unh.edu/graduate/programs-study/nursing/nursing-direct-entry-ms/)""]"
2025-09-24T01:37:10Z,Who approves a master’s thesis?,a committee composed of a regular member of the graduate faculty under whose direction it was written and two other members of the graduate faculty nominated by the department chairperson or graduate program coordinator and appointed by the dean of the Graduate School,"[""- Master's Thesis > Thesis Committee (https://catalog.unh.edu/graduate/academic-regulations-degree-requirements/degree-requirements/#:~:text=A%20master%27s%20thesis%20must%20be%20approved%20by%20a%20committee%20composed%20of%20a%20regular%20member%20of%20the%20graduate%20faculty%20under%20whose%20direction%20it%20was%20written%20and%20two%20other)"", ""- M.S. Degree Requirements (https://catalog.unh.edu/graduate/programs-study/biochemistry/biochemistry-ms/#:~:text=Final%20approval%20of%20the%20master%27s%20thesis%20will%20be%20determined%20by%20an%20affirmative%20majority%20vote%20of%20the%20Thesis%20Committee.)"", ""- Degree Requirements (https://catalog.unh.edu/graduate/programs-study/psychology/psychology-phd/#:~:text=Prior%20to%20the%20doctoral%20dissertation%2C%20the%20student%20carries%20out%20original%20research%20that%20culminates%20in%20either%20a%20master%27s%20thesis%20or%20a%20paper%20of%20publishable%20quality.)""]"
2025-09-24T01:37:49Z,What happens if an accelerated master’s student earns below B- in a graduate course while in dual status?,Accelerated admission enables students to take graduate certificate courses at the 800-level in the J term and spring semester of their senior year as they complete their BS degree,"[""- Admission Requirements > UNH BS/MS Students Applying to the Graduate Certificate Program in Assistive Technology and the Advanced Standing MS Program (https://catalog.unh.edu/graduate/programs-study/occupational-therapy/#:~:text=Students%20interested%20in%20earning%20a%20dual%20degree%2C%20an%20Assistive%20Technology%20Graduate%20Certificate%20and%20a%20Master%27s%20in%20Occupational%20Therapy%2C%20apply%20in%20the%20fall%20semester)"", ""- Additional Information (https://catalog.unh.edu/graduate/programs-study/social-work/social-work-msw/#:~:text=The%20Accelerated%20Masters%20%28also%20referred%20to%20as%20early%20entry%29%20program%20allows%20you%20to%20take%20graduate%20credit%20course%20senior%20year%20and%20have%20greater%20access%20to%20MSW%20elective)"", ""- Accelerated Master's Overview (https://catalog.unh.edu/graduate/programs-study/accounting-finance/accounting-ms/#:~:text=Accelerated%20Master%E2%80%99s%20programs%20offer%20qualified%20University%20of%20New%20Hampshire%20undergraduate%20students%20the%20opportunity%20to%20begin%20graduate%20coursework%20in%20select)""]"
2025-09-24T01:38:06Z,How many chances do master’s or Ed.S. students get to pass their final exam?,3,"[""- Capstone Experience > Comprehensive Examination (Non-thesis) (https://catalog.unh.edu/graduate/programs-study/communication-sciences-disorders/communication-sciences-disorders-ms/#:~:text=All%20students%20%28except%20those%20writing%20a%20thesis%29%20must%20pass%20a%20Comprehensive%20Examination%20designed%20to%20assess%20their%20mastery%20of%20and%20ability%20to%20integrate%20information)"", ""- Ph.D. Requirements (https://catalog.unh.edu/graduate/programs-study/biochemistry/biochemistry-phd/#:~:text=Students%20who%20cannot%20pass%20the%20qualifying%20exam%20after%202%20nd%20trial%20are%20advised%20to%20pursue%20a%20master%E2%80%99s%20degree.)"", ""- Academic Standards (https://catalog.unh.edu/graduate/academic-regulations-degree-requirements/academic-standards/#:~:text=Thus%2C%20students%20may%20be%20dismissed%20if%20they%20accumulate%20fewer%20than%209%20credits%20below%20the%20%22B%C2%AD-%22%20level%2C%20and/or%20fail%20to%20make%20adequate%20progress%20in%20other%20aspects%20of%20their)""]"
2025-09-24T01:38:17Z,Can 700-level courses count for graduate credit?,Yes,"[""- 800 and 900­ Level Courses (https://catalog.unh.edu/graduate/academic-regulations-degree-requirements/courses/#:~:text=800-%C2%AD%20and%20900%C2%AD-%20level%20courses%20are%20offered%20for%20graduate%20credit%20only%20and%20therefore%20are%20open%20only%20to%20admitted%20graduate%20students%20or%20non%C2%AD-degree%20students%20with%20a)"", ""- 700 Level Courses (https://catalog.unh.edu/graduate/academic-regulations-degree-requirements/courses/#:~:text=In%20rare%20cases%20graduate%20degree%20students%20may%20petition%20to%20earn%20graduate%20credit%20for%20up%20to%2012%20credits%20in%20700-%C2%ADlevel%20courses%2C%20provided%20the%20credits%20are%20taken%20in%20a)"", ""- Additional Information (https://catalog.unh.edu/graduate/programs-study/decision-sciences/business-analytics-ms/#:~:text=Students%20may%20complete%20up%20to%206%20graduate%20%28800-level%29%20course%20credits%20while%20completing%20a%20bachelor%27s%20degree.)""]"
2025-09-24T01:54:20Z,How many thesis credits must a master’s student enroll in?,"at least 30 graduate credits , which include the credits accumulated in the core curriculum. Students in the thesis option must satisfactorily complete at least 30 graduate credits , which include the credits accumulated in the core curriculum. Students in this option must complete a master's thesis 6 credits , which include the credits accumulated in the core curriculum. Students in this option must complete a master's thesis 6 credits , which include the credits accumulated in the core curriculum. Students in this option must complete a master's thesis 6 credits , which include the credits accumulated in the core curriculum. Students","[""- Thesis Option (https://catalog.unh.edu/graduate/programs-study/earth-sciences/earth-sciences-ms/#:~:text=Students%20in%20the%20thesis%20option%20must%20satisfactorily%20complete%20at%20least%2030%20graduate%20credits%20%2C%20which%20include%20the%20credits%20accumulated%20in%20the%20core%20curriculum.)"", ""- Thesis Option (https://catalog.unh.edu/graduate/programs-study/earth-sciences/earth-sciences-geochemical-systems-ms/#:~:text=Students%20in%20the%20thesis%20option%20must%20satisfactorily%20complete%20at%20least%2030%20graduate%20credits%20%2C%20which%20include%20the%20credits%20accumulated%20in%20the%20core%20curriculum.)"", ""- Thesis Option (https://catalog.unh.edu/graduate/programs-study/earth-sciences/earth-sciences-ocean-mapping-ms/#:~:text=Students%20in%20the%20thesis%20option%20must%20satisfactorily%20complete%20at%20least%2030%20graduate%20credits%20%2C%20which%20include%20the%20credits%20accumulated%20in%20the%20core%20curriculum.)""]"
2025-09-24T01:54:23Z,What is the Corporate Finance course?,Accounting and Finance Faculty,"[""- Finance (M.S.) (https://catalog.unh.edu/graduate/programs-study/accounting-finance/finance-ms/)"", ""- Accounting and Finance Faculty (https://paulcollege.unh.edu/directory/all?first_name=&last_name=&role=All&category=98&department=)""]"
2025-09-24T02:00:59Z,Who is Scott Berube?,"Scott Berube is a professor of public policy at the University of California, Los Angeles.","[""- ESCI 998 - Proposal Development (https://catalog.unh.edu/graduate/programs-study/earth-sciences/#:~:text=Earth%20Sciences%20Faculty)"", ""- McNair Graduate Opportunity Program (https://catalog.unh.edu/graduate/general-information/#:~:text=www.unh.edu/mcnair)"", ""- PA 908A - Capstone in Public Administration (https://catalog.unh.edu/graduate/programs-study/public-administration/#:~:text=Carsey%20School%20of%20Public%20Policy%20Faculty)""]"
2025-09-24T02:02:59Z,What is the Corporate Finance course?,Accounting and Finance (ACFI) Courses: Economics (ECON) Courses: Management (MGMT) CPSO,"[""- Accounting and Finance (ACFI) (https://catalog.unh.edu/graduate/course-descriptions/acfi/)"", ""- Economics (ECON) (https://catalog.unh.edu/graduate/course-descriptions/econ/)"", ""- Management (MGMT) CPSO (https://catalog.unh.edu/graduate/course-descriptions/mgmt/)""]"
2025-09-24T19:37:05Z,How many courses are required for a graduate certificate program?,at least 4 graduate courses for a minimum of 12 credits of graduate coursework (800- or 900-level courses) organized in a coherent and logical manner to provide knowledge and expertise relevant to a specific aspect of professional and/or personal development,"[""- Certificate Programs (https://catalog.unh.edu/graduate/academic-regulations-degree-requirements/degree-requirements/#:~:text=Graduate%20certificate%20programs%20require%20the%20completion%20of%20at%20least%204%20graduate%20courses%20for%20a%20minimum%20of%2012%20credits%20of%20graduate%20coursework%20%28800-%20or%20900-level)"", ""- Ph.D. Requirements > Credits (https://catalog.unh.edu/graduate/academic-regulations-degree-requirements/degree-requirements/#:~:text=Each%20program%20specifies%20the%20number%20of%20courses%20required%20for%20the%20degree.)"", ""- Master's Degree Requirements > Credits (https://catalog.unh.edu/graduate/academic-regulations-degree-requirements/degree-requirements/#:~:text=In%20rare%20cases%20graduate%20degree%20students%20may%20petition%20to%20earn%20graduate%20credit%20for%20up%20to%2012%20credits%20in%20700-%C2%ADlevel%20courses%2C%20provided%20the%20credits%20are%20taken%20in%20a)""]"
2025-09-24T19:37:06Z,How many courses are required for a graduate certificate program?,at least 4 graduate courses for a minimum of 12 credits of graduate coursework (800- or 900-level courses) organized in a coherent and logical manner to provide knowledge and expertise relevant to a specific aspect of professional and/or personal development,"[""- Certificate Programs (https://catalog.unh.edu/graduate/academic-regulations-degree-requirements/degree-requirements/#:~:text=Graduate%20certificate%20programs%20require%20the%20completion%20of%20at%20least%204%20graduate%20courses%20for%20a%20minimum%20of%2012%20credits%20of%20graduate%20coursework%20%28800-%20or%20900-level)"", ""- Ph.D. Requirements > Credits (https://catalog.unh.edu/graduate/academic-regulations-degree-requirements/degree-requirements/#:~:text=Each%20program%20specifies%20the%20number%20of%20courses%20required%20for%20the%20degree.)"", ""- Master's Degree Requirements > Credits (https://catalog.unh.edu/graduate/academic-regulations-degree-requirements/degree-requirements/#:~:text=In%20rare%20cases%20graduate%20degree%20students%20may%20petition%20to%20earn%20graduate%20credit%20for%20up%20to%2012%20credits%20in%20700-%C2%ADlevel%20courses%2C%20provided%20the%20credits%20are%20taken%20in%20a)""]"
2025-09-24T19:37:08Z,How many courses are required for a graduate certificate program?,at least 4 graduate courses for a minimum of 12 credits of graduate coursework (800- or 900-level courses) organized in a coherent and logical manner to provide knowledge and expertise relevant to a specific aspect of professional and/or personal development,"[""- Certificate Programs (https://catalog.unh.edu/graduate/academic-regulations-degree-requirements/degree-requirements/#:~:text=Graduate%20certificate%20programs%20require%20the%20completion%20of%20at%20least%204%20graduate%20courses%20for%20a%20minimum%20of%2012%20credits%20of%20graduate%20coursework%20%28800-%20or%20900-level)"", ""- Ph.D. Requirements > Credits (https://catalog.unh.edu/graduate/academic-regulations-degree-requirements/degree-requirements/#:~:text=Each%20program%20specifies%20the%20number%20of%20courses%20required%20for%20the%20degree.)"", ""- Master's Degree Requirements > Credits (https://catalog.unh.edu/graduate/academic-regulations-degree-requirements/degree-requirements/#:~:text=In%20rare%20cases%20graduate%20degree%20students%20may%20petition%20to%20earn%20graduate%20credit%20for%20up%20to%2012%20credits%20in%20700-%C2%ADlevel%20courses%2C%20provided%20the%20credits%20are%20taken%20in%20a)""]"
2025-09-25T21:18:41Z,How many thesis credits must a master’s student enroll in?,at least 6 but no more than 10,"[""- Master's Thesis > Thesis Credit (https://catalog.unh.edu/graduate/academic-regulations-degree-requirements/degree-requirements/#:~:text=During%20their%20degree%20program%2C%20a%20student%20completing%20a%20thesis%20must%20enroll%20in%20at%20least%206%20but%20no%20more%20than%2010%20thesis%20credits.)"", ""- Master's Degree Requirements > Credits (https://catalog.unh.edu/graduate/academic-regulations-degree-requirements/degree-requirements/#:~:text=Many%20programs%20require%20substantially%20more%20than%20the%20minimum%2030%20credits.)"", ""- Certificate Programs (https://catalog.unh.edu/graduate/academic-regulations-degree-requirements/degree-requirements/#:~:text=Courses%20may%20be%20applied%20to%20only%20one%20certificate%20program%20but%20may%20also%20be%20applied%20to%20a%20master%E2%80%99s%20or%20doctoral%20degree%20program%20at%20UNH.)""]"
2025-09-25T21:20:21Z,accounting courses,Accounting and Finance (ACFI) Courses: Management (MGMT) CPSO Courses: Graduate School (GRAD),"[""- Accounting and Finance (ACFI) (https://catalog.unh.edu/graduate/course-descriptions/acfi/)"", ""- Management (MGMT) CPSO (https://catalog.unh.edu/graduate/course-descriptions/mgmt/)"", ""- Graduate School (GRAD) (https://catalog.unh.edu/graduate/course-descriptions/grad/)""]"
2025-09-25T21:35:04Z,accounting courses,Accounting and Finance (ACFI) Courses: Management (MGMT) CPSO Courses: Graduate School (GRAD),"[""- Accounting and Finance (ACFI) (https://catalog.unh.edu/graduate/course-descriptions/acfi/)"", ""- Management (MGMT) CPSO (https://catalog.unh.edu/graduate/course-descriptions/mgmt/)"", ""- Graduate School (GRAD) (https://catalog.unh.edu/graduate/course-descriptions/grad/)""]"
2025-09-25T21:36:08Z,accounting courses,Accounting and Finance (ACFI) Courses: Management (MGMT) CPSO Courses: Graduate School (GRAD),"[""- Accounting and Finance (ACFI) (https://catalog.unh.edu/graduate/course-descriptions/acfi/)"", ""- Management (MGMT) CPSO (https://catalog.unh.edu/graduate/course-descriptions/mgmt/)"", ""- Graduate School (GRAD) (https://catalog.unh.edu/graduate/course-descriptions/grad/)""]"
2025-09-25T21:38:28Z,accounting courses,Accounting and Finance (ACFI) Courses: Management (MGMT) CPSO Courses: Graduate School (GRAD),"[""- Accounting and Finance (ACFI) (https://catalog.unh.edu/graduate/course-descriptions/acfi/)"", ""- Management (MGMT) CPSO (https://catalog.unh.edu/graduate/course-descriptions/mgmt/)"", ""- Graduate School (GRAD) (https://catalog.unh.edu/graduate/course-descriptions/grad/)""]"
2025-09-25T21:43:39Z,accounting courses,Accounting and Finance (ACFI) Courses: Management (MGMT) CPSO Courses: Graduate School (GRAD),"[""- Accounting and Finance (ACFI) (https://catalog.unh.edu/graduate/course-descriptions/acfi/)"", ""- Management (MGMT) CPSO (https://catalog.unh.edu/graduate/course-descriptions/mgmt/)"", ""- Graduate School (GRAD) (https://catalog.unh.edu/graduate/course-descriptions/grad/)""]"
2025-09-25T21:47:35Z,accounting coursesaccounting courses,Accounting and Finance (ACFI) Courses: Management (MGMT) CPSO Courses: Education (EDC) CPSO,"[""- Accounting and Finance (ACFI) (https://catalog.unh.edu/graduate/course-descriptions/acfi/)"", ""- Management (MGMT) CPSO (https://catalog.unh.edu/graduate/course-descriptions/mgmt/)"", ""- Education (EDC) CPSO (https://catalog.unh.edu/graduate/course-descriptions/edc/)""]"
2025-09-25T21:49:11Z,accounting coursesaccounting courses,Accounting and Finance (ACFI) Courses: Management (MGMT) CPSO Courses: Education (EDC) CPSO,"[""- Accounting and Finance (ACFI) (https://catalog.unh.edu/graduate/course-descriptions/acfi/)"", ""- Management (MGMT) CPSO (https://catalog.unh.edu/graduate/course-descriptions/mgmt/)"", ""- Education (EDC) CPSO (https://catalog.unh.edu/graduate/course-descriptions/edc/)""]"
2025-09-25T21:51:08Z,accounting coursesaccounting courses,Accounting and Finance (ACFI) Courses: Management (MGMT) CPSO Courses: Education (EDC) CPSO,"[""- Accounting and Finance (ACFI) (https://catalog.unh.edu/graduate/course-descriptions/acfi/)"", ""- Management (MGMT) CPSO (https://catalog.unh.edu/graduate/course-descriptions/mgmt/)"", ""- Education (EDC) CPSO (https://catalog.unh.edu/graduate/course-descriptions/edc/)""]"
2025-09-25T21:51:10Z,accounting coursesaccounting courses,Accounting and Finance (ACFI) Courses: Management (MGMT) CPSO Courses: Education (EDC) CPSO,"[""- Accounting and Finance (ACFI) (https://catalog.unh.edu/graduate/course-descriptions/acfi/)"", ""- Management (MGMT) CPSO (https://catalog.unh.edu/graduate/course-descriptions/mgmt/)"", ""- Education (EDC) CPSO (https://catalog.unh.edu/graduate/course-descriptions/edc/)""]"
2025-09-25T21:52:04Z,How many thesis credits must a master’s student enroll in?,at least 6 but no more than 10,"[""- Master's Thesis > Thesis Credit (https://catalog.unh.edu/graduate/academic-regulations-degree-requirements/degree-requirements/#:~:text=During%20their%20degree%20program%2C%20a%20student%20completing%20a%20thesis%20must%20enroll%20in%20at%20least%206%20but%20no%20more%20than%2010%20thesis%20credits.)"", ""- Master's Degree Requirements > Credits (https://catalog.unh.edu/graduate/academic-regulations-degree-requirements/degree-requirements/#:~:text=Many%20programs%20require%20substantially%20more%20than%20the%20minimum%2030%20credits.)"", ""- Certificate Programs (https://catalog.unh.edu/graduate/academic-regulations-degree-requirements/degree-requirements/#:~:text=Courses%20may%20be%20applied%20to%20only%20one%20certificate%20program%20but%20may%20also%20be%20applied%20to%20a%20master%E2%80%99s%20or%20doctoral%20degree%20program%20at%20UNH.)""]"
2025-09-27T18:45:55Z,How many thesis credits must a master’s student enroll in?,"at least 30 graduate credits , which include the credits accumulated in the core curriculum. Students in the thesis option must satisfactorily complete at least 30 graduate credits , which include the credits accumulated in the core curriculum. Students in this option must complete a master's thesis 6 credits , which include the credits accumulated in the core curriculum. Students in this option must complete a master's thesis 6 credits , which include the credits accumulated in the core curriculum. Students in this option must complete a master's thesis 6 credits , which include the credits accumulated in the core curriculum. Students","[""- Thesis Option (https://catalog.unh.edu/graduate/programs-study/earth-sciences/earth-sciences-geochemical-systems-ms/#:~:text=Students%20in%20the%20thesis%20option%20must%20satisfactorily%20complete%20at%20least%2030%20graduate%20credits%20%2C%20which%20include%20the%20credits%20accumulated%20in%20the%20core%20curriculum.)""]"
2025-09-27T18:46:01Z,Are Ph.D. students assigned a guidance committee?,yes,"[""- Ph.D. Requirements > Guidance Committee (https://catalog.unh.edu/graduate/academic-regulations-degree-requirements/degree-requirements/#:~:text=A%20guidance%20committee%20should%20be%20appointed%20by%20the%20program%20faculty%20as%20soon%20as%20possible%20after%20a%20student%20has%20begun%20study%20for%20the%20Ph.D.)"", ""- Program Learning Outcomes (https://catalog.unh.edu/graduate/programs-study/civil-environmental-engineering/civil-environmental-engineering-phd/#:~:text=Following%20admission%20into%20the%20program%2C%20a%20guidance%20committee%20is%20appointed%20for%20the%20student%20by%20the%20dean%20of%20the%20Graduate%20School%20upon%20recommendation%20of%20the%20advisor)""]"
2025-09-27T18:46:05Z,How many courses are required for a graduate certificate program?,at least 4 graduate courses for a minimum of 12 credits of graduate coursework (800- or 900-level courses) organized in a coherent and logical manner to provide knowledge and expertise relevant to a specific aspect of professional and/or personal development,"[""- Certificate Programs (https://catalog.unh.edu/graduate/academic-regulations-degree-requirements/degree-requirements/#:~:text=Graduate%20certificate%20programs%20require%20the%20completion%20of%20at%20least%204%20graduate%20courses%20for%20a%20minimum%20of%2012%20credits%20of%20graduate%20coursework%20%28800-%20or%20900-level)"", ""- Program Learning Outcomes (https://catalog.unh.edu/graduate/programs-study/business-administration/managing-leading-people-certificate/#:~:text=Students%20complete%20the%20four%20graduate-level%20courses%20outlined%20below%20%2812%20credits%29%20for%20the%20certificate.)""]"
2025-09-27T18:46:12Z,Are Ph.D. students assigned a guidance committee?,yes,"[""- Ph.D. Requirements > Guidance Committee (https://catalog.unh.edu/graduate/academic-regulations-degree-requirements/degree-requirements/#:~:text=A%20guidance%20committee%20should%20be%20appointed%20by%20the%20program%20faculty%20as%20soon%20as%20possible%20after%20a%20student%20has%20begun%20study%20for%20the%20Ph.D.)"", ""- Program Learning Outcomes (https://catalog.unh.edu/graduate/programs-study/civil-environmental-engineering/civil-environmental-engineering-phd/#:~:text=Following%20admission%20into%20the%20program%2C%20a%20guidance%20committee%20is%20appointed%20for%20the%20student%20by%20the%20dean%20of%20the%20Graduate%20School%20upon%20recommendation%20of%20the%20advisor)""]"
2025-09-27T18:46:19Z,What is the time limit for a master’s degree?,four-year time limit. Extensions to the four-year time limit will be considered on a case-by-case basis. Years on leave do not count toward the time limit. The Ph.D. must be completed within eight years of matriculation (enrollment after admission) or within seven years if the student entered with a master's degree in the same field. Years on leave do not count toward the time limit. The M.A.T. degree requires a minimum of 32 hours of graduate-­level credits. The exact number of credit hours will depend on the student's,"[""- Master's Time Limit (https://catalog.unh.edu/graduate/academic-regulations-degree-requirements/degree-requirements/#:~:text=All%20graduate%20work%20for%20any%20master%27s%20degree%20must%20normally%20be%20completed%20within%20four%20years%20from%20the%20date%20of%20matriculation%20%28enrollment%20following%20admission%29%20in%20the)"", ""- Doctoral Time Limits (https://catalog.unh.edu/graduate/academic-regulations-degree-requirements/degree-requirements/#:~:text=Years%20on%20leave%20do%20not%20count%20toward%20the%20time%20limit.)"", ""- Degree Requirements (https://catalog.unh.edu/graduate/programs-study/education/secondary-education-mat/#:~:text=The%20M.A.T.)""]"
2025-09-29T18:35:26Z,How many thesis credits must a master’s student enroll in?,"at least 30. Students in the thesis option must satisfactorily complete at least 30 graduate credits , which include the credits accumulated in the core curriculum. Students in this option must complete a master's thesis (6 credits) and give an oral presentation of the results.","[""- Thesis Option (https://catalog.unh.edu/graduate/programs-study/earth-sciences/earth-sciences-geochemical-systems-ms/#:~:text=Students%20in%20the%20thesis%20option%20must%20satisfactorily%20complete%20at%20least%2030%20graduate%20credits%20%2C%20which%20include%20the%20credits%20accumulated%20in%20the%20core%20curriculum.)"", ""- Thesis Option (https://catalog.unh.edu/graduate/programs-study/earth-sciences/earth-sciences-ms/#:~:text=Students%20in%20the%20thesis%20option%20must%20satisfactorily%20complete%20at%20least%2030%20graduate%20credits%20%2C%20which%20include%20the%20credits%20accumulated%20in%20the%20core%20curriculum.)""]"
2025-09-29T18:54:14Z,What is the time limit for a master’s degree?,four years. Students failing to make adequate advancement toward completion of the program are subject to dismissal in advance of the four-year time limit. Extensions to the four-year time limit will be considered on a case-by-case basis.,"[""- Master's Time Limit (https://catalog.unh.edu/graduate/academic-regulations-degree-requirements/degree-requirements/#:~:text=All%20graduate%20work%20for%20any%20master%27s%20degree%20must%20normally%20be%20completed%20within%20four%20years%20from%20the%20date%20of%20matriculation%20%28enrollment%20following%20admission%29%20in%20the)"", ""- Doctoral Time Limits (https://catalog.unh.edu/graduate/academic-regulations-degree-requirements/degree-requirements/#:~:text=Years%20on%20leave%20do%20not%20count%20toward%20the%20time%20limit.)"", ""- Degree Requirements (https://catalog.unh.edu/graduate/programs-study/education/secondary-education-mat/#:~:text=The%20M.A.T.)""]"
2025-09-29T19:51:26Z,can i do a dual degree,"Yes. Dual degrees should be interpreted to include separate majors within the same degree, or a combination of two different degrees. Students will receive separate diplomas for each degree program.","[""- Dual Degrees (https://catalog.unh.edu/graduate/academic-regulations-degree-requirements/degree-requirements/#:~:text=Dual%20degrees%20should%20be%20interpreted%20to%20include%20separate%20majors%20within%20the%20same%20degree%2C%20or%20a%20combination%20of%20two%20different%20degrees.)"", ""- Dual Degrees (https://catalog.unh.edu/graduate/academic-regulations-degree-requirements/degree-requirements/#:~:text=All%20standard%20policies%20relating%20to%20time%20to%20degree%2C%20residency%20requirements%2C%20academic%20standards%2C%20and%20minimum%20GPA%20required%20to%20graduate%20apply%20to%20any%20dual-%C2%ADdegree)"", ""- Additional Information (https://catalog.unh.edu/graduate/programs-study/decision-sciences/business-analytics-ms/#:~:text=Students%20may%20complete%20up%20to%206%20graduate%20%28800-level%29%20course%20credits%20while%20completing%20a%20bachelor%27s%20degree.)""]"
2025-09-29T19:52:05Z,Can I take a course pass/fail? ,A graduate student may petition to take undergraduate courses on a pass/fail basis.. A graduate student may petition to take undergraduate courses on a pass/fail basis. Such a petition must be approved by the end of the add period for the term the course is taken.,"[""- Grades (https://catalog.unh.edu/graduate/academic-regulations-degree-requirements/grading/#:~:text=A%20graduate%20student%20may%20petition%20to%20take%20undergraduate%20courses%20on%20a%20pass/fail%20basis.)"", ""- Examinations (https://catalog.unh.edu/graduate/programs-study/natural-resources-earth-systems-science/natural-resources-environmental-studies-phd/#:~:text=A%20student%20may%20be%20required%20to%20take%20additional%20courses%20following%20either%20the%20comprehensive%20or%20proposal%20exam%2C%20or%20may%20be%20removed%20from%20the%20program%20following%20failure)""]"
2025-09-29T19:52:21Z,How long do I have to complete my master’s degree? ,"Four years. Students must complete at least 26 credit hours (seven courses) of graduate-­level coursework in sociology. In addition, students must complete 6-10 credits of Master's Thesis work.","[""- Master's Time Limit (https://catalog.unh.edu/graduate/academic-regulations-degree-requirements/degree-requirements/#:~:text=All%20graduate%20work%20for%20any%20master%27s%20degree%20must%20normally%20be%20completed%20within%20four%20years%20from%20the%20date%20of%20matriculation%20%28enrollment%20following%20admission%29%20in%20the)"", ""- Degree Requirements (https://catalog.unh.edu/graduate/programs-study/sociology/sociology-ma/#:~:text=Completion%20of%20the%20degree%20requires%20a%20minimum%20of%2032%20graduate%20credits%20.)""]"
2025-09-29T19:52:37Z,What is a guidance committee? ,"A guidance committee is appointed for the student by the dean of the Graduate School upon recommendation of the advisor and graduate coordinator.. The guidance committee administers the qualifying examination. Following admission into the program, a guidance committee is appointed for the student by the dean of the Graduate School upon recommendation of the advisor and graduate coordinator.","[""- Program Learning Outcomes (https://catalog.unh.edu/graduate/programs-study/civil-environmental-engineering/civil-environmental-engineering-phd/#:~:text=Following%20admission%20into%20the%20program%2C%20a%20guidance%20committee%20is%20appointed%20for%20the%20student%20by%20the%20dean%20of%20the%20Graduate%20School%20upon%20recommendation%20of%20the%20advisor)""]"
2025-09-29T19:52:59Z,What is a non-terminal degree? ,"Ph.D.. Ph.D. students, with the approval of their department, may petition to earn a non-terminal master's degree while completing the Ph.D.","[""- Master's Degree Requirements > Non-Terminal Master's Degrees (https://catalog.unh.edu/graduate/academic-regulations-degree-requirements/degree-requirements/#:~:text=students%2C%20with%20the%20approval%20of%20their%20department%2C%20may%20petition%20to%20earn%20a%20non-terminal%20master%27s%20degree%20while%20completing%20the%20Ph.D.)"", ""- Graduate Education > Master's Programs (https://catalog.unh.edu/graduate/general-information/#:~:text=The%20University%20offers%20master%27s%20degree%20programs%20in%20a%20wide%20variety%20of%20disciplines%2C%20which%20can%20serve%20either%20as%20professional%20terminal%20degrees%20or%20as%20intermediate)"", ""- Program Learning Outcomes (https://catalog.unh.edu/graduate/programs-study/accounting-finance/accounting-ms/#:~:text=Students%20with%20Non-Business%20Degrees)""]"
2025-09-29T19:53:09Z,How do I apply to grad school? ,Applying to a grad school.. The Graduate School website provides detailed instructions about applying to the program.,"[""- Applying (https://catalog.unh.edu/graduate/programs-study/integrated-applied-mathematics/applied-mathematics-phd/#:~:text=Please%20visit%20the%20Graduate%20School%20website%20for%20detailed%20instructions%20about%20applying%20to%20the%20program.)"", ""- Applying (https://catalog.unh.edu/graduate/programs-study/mathematics-statistics/mathematics-phd/#:~:text=Please%20visit%20the%20Graduate%20School%20website%20for%20detailed%20instructions%20about%20applying%20to%20the%20program.)""]"
2025-09-29T19:53:23Z,Can I take courses without applying? ,No. A student who does not hold a master's degree in administration may be required to take specific courses as electives.,"[""- Professional Licensure/Certification Disclosures (https://catalog.unh.edu/graduate/programs-study/education/administration-supervision-eds/#:~:text=A%20student%20who%20does%20not%20hold%20a%20master%27s%20degree%20in%20administration%20may%20be%20required%20to%20take%20specific%20courses%20as%20electives.)""]"
2025-09-29T19:53:32Z,What is the Accelerated Masters program? ,"Accelerated master's programs are designed to provide students with an efficient and cost-effective pathway to earn both a bachelor's and master's. Accelerated master's programs are designed to provide students with an efficient and cost-effective pathway to earn both a bachelor's and master's degree or graduate certificate, enhancing career opportunities and long-term earning potential.","[""- Accelerated Master's Program (https://catalog.unh.edu/graduate/general-information/admissions/#:~:text=gradschool.unh.edu/academics/accelerated-masters-program)"", ""- Accelerated Master's Overview (https://catalog.unh.edu/graduate/programs-study/civil-environmental-engineering/civil-environmental-engineering-ms/#:~:text=Accelerated%20Master%E2%80%99s%20programs%20offer%20qualified%20University%20of%20New%20Hampshire%20undergraduate%20students%20the%20opportunity%20to%20begin%20graduate%20coursework%20in%20select)""]"
2025-09-29T19:53:44Z,Is there housing available? ,No.. Student housing is available at UNH Housing at Housing.Office@unh.edu.,"[""- Graduate Student Housing (https://catalog.unh.edu/graduate/general-information/campus-life/#:~:text=https%3A//www.unh.edu/housing/housing-options/graduate-housing)"", ""- Graduate Student Housing (https://catalog.unh.edu/graduate/general-information/campus-life/#:~:text=To%20discuss%20all%20graduate%20housing%20options%2C%20please%20contact%20UNH%20Housing%20at%20Housing.Office%40unh.edu%20.)"", ""- Student Accessibility Services (https://catalog.unh.edu/graduate/general-information/academic-support-services/#:~:text=To%20learn%20more%20about%20our%20documentation%20requirements%20for%20both%20general%20and%20housing-only%20requests%2C%20please%20see%20our%20Documentation%20Guidelines%20pages%20on%20our%20website.)""]"
2025-09-29T19:54:33Z,Do I need to register? ,No. The Office of the Registrar's website provides information about whether this program meets professional licensure requirements in your state.,"[""- Professional Licensure/Certification Disclosures (https://catalog.unh.edu/graduate/programs-study/nursing/nursing-adult-gerontology-acute-care-nurse-practitioner-ms/#:~:text=Visit%20the%20Office%20of%20the%20Registrar%27s%20website%20for%20information%20about%20whether%20this%20program%20meets%20professional%20licensure%20requirements%20in%20your%20state.)"", ""- Professional Licensure/Certification Disclosures (https://catalog.unh.edu/graduate/programs-study/education/administration-supervision-eds/#:~:text=Visit%20the%20Office%20of%20the%20Registrar%27s%20website%20for%20information%20about%20whether%20this%20program%20meets%20professional%20licensure%20requirements%20in%20your%20state.)"", ""- Professional Licensure/Certification Disclosures (https://catalog.unh.edu/graduate/programs-study/communication-sciences-disorders/communication-sciences-disorders-ms/#:~:text=Visit%20the%20Office%20of%20the%20Registrar%27s%20website%20for%20information%20about%20whether%20this%20program%20meets%20professional%20licensure%20requirements%20in%20your%20state.)""]"
2025-09-29T19:54:51Z,What is the difference between GRAD 800 and GRAD 900? ,"GRAD 900. GRAD 800 and GRAD 900 are a series of courses that are taught at the University of California, Los Angeles.","[""- GRAD 900 (https://catalog.unh.edu/search/?P=GRAD%20900)""]"
2025-09-29T19:55:11Z,Where can I find information about assistantships? ,Financial aid section of the Graduate School website. You may wish to visit the financial aid section of the Graduate School website for more information about graduate assistantships and other types of aid available to graduate students.,"[""- Financial Aid (https://catalog.unh.edu/graduate/programs-study/spanish/#:~:text=You%20may%20wish%20to%20visit%20the%20financial%20aid%20section%20of%20the%20Graduate%20School%20website%20for%20more%20information%20about%20graduate%20assistantships%20and%20other%20types%20of%20aid)""]"
2025-09-29T19:55:22Z,Can I take a leave of absence? ,"Yes.. Students who, because of extenuating circumstances, are unable to pursue their graduate program may request a leave of absence for a maximum of one calendar year. Such circumstances may include medical reasons, military obligation, family emergencies, or hardship.","[""- Non-registration > Leave of Absence (https://catalog.unh.edu/graduate/general-information/registration/#:~:text=Students%20who%2C%20because%20of%20extenuating%20circumstances%2C%20are%20unable%20to%20pursue%20their%20graduate%20program%20may%20request%20a%20leave%20of%20absence%20for%20a%20maximum%20of%20one%20calendar)"", ""- Non-registration > Leave of Absence (https://catalog.unh.edu/graduate/general-information/registration/#:~:text=https%3A//gradschool.unh.edu/student-resources/leave-absence)"", ""- Continuous Registration Policy > Degree Status Discontinued (https://catalog.unh.edu/graduate/general-information/registration/#:~:text=Students%20who%20do%20not%20formally%20withdraw%20and%20do%20not%20register%20and%20pay%20for%20course%20credits%2C%20research%2C%20or%20continuing%20enrollment%20by%20the%20appropriate%20registration)""]"
2025-09-29T19:55:37Z,Can I change my degree? ,No. Degree Offered: M.S. Degree Offered: M.S.,"[""- CPRM 899 - Capstone: Thesis Option (https://catalog.unh.edu/graduate/programs-study/cybersecurity-policy-risk-management/#:~:text=Degree%20Offered%3A%20M.S.)""]"
2025-09-29T20:27:32Z,Do I need RCR training?,Yes.. The Graduate Council has mandated that all incoming Ph.D. students complete RCR training approved by the Graduate School by the end of their first semester.,"[""- Ph.D. Requirements > RESPONSIBLE CONDUCT OF RESEARCH (https://catalog.unh.edu/graduate/academic-regulations-degree-requirements/degree-requirements/#:~:text=students%20complete%20RCR%20training%20approved%20by%20the%20Graduate%20School%20by%20the%20end%20of%20their%20first%20semester.)"", ""- Professional Licensure/Certification Disclosures (https://catalog.unh.edu/graduate/programs-study/recreation-management-policy/recreation-management-policy-therapeutic-recreation-administration-ms/#:~:text=Students%20without%20an%20academic%20or%20clinical%20background%20in%20therapeutic%20recreation%20may%20use%20the%20M.S.)""]"
2025-09-30T18:07:50Z,How many courses are required for a graduate certificate program?,at least 4 graduate courses for a minimum of 12 credits of graduate coursework (800- or 900-level courses) organized in a coherent and logical manner to provide knowledge and expertise relevant to a specific aspect of professional and/or personal development,"[""- Certificate Programs (https://catalog.unh.edu/graduate/academic-regulations-degree-requirements/degree-requirements/#:~:text=Graduate%20certificate%20programs%20require%20the%20completion%20of%20at%20least%204%20graduate%20courses%20for%20a%20minimum%20of%2012%20credits%20of%20graduate%20coursework%20%28800-%20or%20900-level)"", ""- Program Learning Outcomes (https://catalog.unh.edu/graduate/programs-study/business-administration/managing-leading-people-certificate/#:~:text=Students%20complete%20the%20four%20graduate-level%20courses%20outlined%20below%20%2812%20credits%29%20for%20the%20certificate.)""]"
2025-09-30T18:28:50Z,How many thesis credits must a master’s student enroll in?,"at least 30. Students in the thesis option must satisfactorily complete at least 30 graduate credits , which include the credits accumulated in the core curriculum. Students in this option must complete a master's thesis (6 credits) and give an oral presentation of the results.","[""- Thesis Option (https://catalog.unh.edu/graduate/programs-study/earth-sciences/earth-sciences-geochemical-systems-ms/#:~:text=Students%20in%20the%20thesis%20option%20must%20satisfactorily%20complete%20at%20least%2030%20graduate%20credits%20%2C%20which%20include%20the%20credits%20accumulated%20in%20the%20core%20curriculum.)""]"
2025-09-30T18:54:36Z,How many thesis credits must a master’s student enroll in?,"at least 30. Students in the thesis option must satisfactorily complete at least 30 graduate credits , which include the credits accumulated in the core curriculum. Students in this option must complete a master's thesis (6 credits) and give an oral presentation of the results.","[""- Thesis Option (https://catalog.unh.edu/graduate/programs-study/earth-sciences/earth-sciences-geochemical-systems-ms/#:~:text=Students%20in%20the%20thesis%20option%20must%20satisfactorily%20complete%20at%20least%2030%20graduate%20credits%20%2C%20which%20include%20the%20credits%20accumulated%20in%20the%20core%20curriculum.)""]"
2025-09-30T19:02:47Z,Does UNH offer student health insurance?,"The UNH Student Health Benefits Plan (SHBP) requires full-time degree students that are enrolled in at least one in-person course to have. University policy requires full-time degree students that are enrolled in at least one in-person course to have health insurance as a condition of enrollment. Some students have the option of waiving this requirement if they present proof of adequate coverage; alternatively, students can acquire an affordable health benefits plan sponsored by the University: the UNH Student Health Benefits Plan (SHBP).","[""- Health & Wellness > Health Insurance (https://catalog.unh.edu/graduate/general-information/academic-support-services/#:~:text=Some%20students%20have%20the%20option%20of%20waiving%20this%20requirement%20if%20they%20present%20proof%20of%20adequate%20coverage%3B%20alternatively%2C%20students%20can%20acquire%20an%20affordable%20health)"", ""- HMP 933 - Quality and Process Improvement in Healthcare > View Course Learning Outcomes (https://catalog.unh.edu/graduate/programs-study/health-management-policy/#:~:text=https%3A//chhs.unh.edu/health-management-policy)""]"
2025-09-30T19:03:01Z,Do I need to register?,No. The Office of the Registrar's website provides information about whether this program meets professional licensure requirements in your state.,"[""- Professional Licensure/Certification Disclosures (https://catalog.unh.edu/graduate/programs-study/nursing/nursing-adult-gerontology-acute-care-nurse-practitioner-ms/#:~:text=Visit%20the%20Office%20of%20the%20Registrar%27s%20website%20for%20information%20about%20whether%20this%20program%20meets%20professional%20licensure%20requirements%20in%20your%20state.)"", ""- Professional Licensure/Certification Disclosures (https://catalog.unh.edu/graduate/programs-study/education/administration-supervision-eds/#:~:text=Visit%20the%20Office%20of%20the%20Registrar%27s%20website%20for%20information%20about%20whether%20this%20program%20meets%20professional%20licensure%20requirements%20in%20your%20state.)"", ""- Professional Licensure/Certification Disclosures (https://catalog.unh.edu/graduate/programs-study/communication-sciences-disorders/communication-sciences-disorders-ms/#:~:text=Visit%20the%20Office%20of%20the%20Registrar%27s%20website%20for%20information%20about%20whether%20this%20program%20meets%20professional%20licensure%20requirements%20in%20your%20state.)""]"
2025-09-30T19:03:50Z,Does UNH offer student health insurance?,"The UNH Student Health Benefits Plan (SHBP) requires full-time degree students that are enrolled in at least one in-person course to have. University policy requires full-time degree students that are enrolled in at least one in-person course to have health insurance as a condition of enrollment. Some students have the option of waiving this requirement if they present proof of adequate coverage; alternatively, students can acquire an affordable health benefits plan sponsored by the University: the UNH Student Health Benefits Plan (SHBP).","[""- Health & Wellness > Health Insurance (https://catalog.unh.edu/graduate/general-information/academic-support-services/#:~:text=Some%20students%20have%20the%20option%20of%20waiving%20this%20requirement%20if%20they%20present%20proof%20of%20adequate%20coverage%3B%20alternatively%2C%20students%20can%20acquire%20an%20affordable%20health)"", ""- HMP 933 - Quality and Process Improvement in Healthcare > View Course Learning Outcomes (https://catalog.unh.edu/graduate/programs-study/health-management-policy/#:~:text=https%3A//chhs.unh.edu/health-management-policy)""]"
2025-09-30T19:03:55Z,Is there housing available?,No.. Student housing is available at UNH Housing at Housing.Office@unh.edu.,"[""- Graduate Student Housing (https://catalog.unh.edu/graduate/general-information/campus-life/#:~:text=https%3A//www.unh.edu/housing/housing-options/graduate-housing)"", ""- Graduate Student Housing (https://catalog.unh.edu/graduate/general-information/campus-life/#:~:text=To%20discuss%20all%20graduate%20housing%20options%2C%20please%20contact%20UNH%20Housing%20at%20Housing.Office%40unh.edu%20.)"", ""- Student Accessibility Services (https://catalog.unh.edu/graduate/general-information/academic-support-services/#:~:text=To%20learn%20more%20about%20our%20documentation%20requirements%20for%20both%20general%20and%20housing-only%20requests%2C%20please%20see%20our%20Documentation%20Guidelines%20pages%20on%20our%20website.)""]"
2025-09-30T19:04:04Z,Can I defer my admission?,"No. Admissions are limited and competition for admission may vary from year to year, such requests may not be granted. Applicants who have received approved deferment of their admission cannot register for graduate coursework at the University during the period of deferment.","[""- Admission > Deferred Admission (https://catalog.unh.edu/graduate/general-information/admissions/#:~:text=Applicants%20who%20cannot%20enroll%20in%20the%20term%20for%20which%20admission%20was%20offered%20may%20request%20to%20have%20their%20admission%20deferred%20for%20up%20to%20one%20year.)"", ""- Admission > APPLICANTS NOT ADMITTED (https://catalog.unh.edu/graduate/general-information/admissions/#:~:text=Applicants%20who%20are%20denied%20admission%20may%20have%20their%20applications%20reconsidered%20only%20if%20they%20furnish%20significant%20additional%20material%20that%20was%20not%20available%20at%20the)"", ""- Program Learning Outcomes (https://catalog.unh.edu/graduate/programs-study/mathematics-statistics/statistics-ms/#:~:text=Admission%20Requirement)""]"
2025-09-30T19:04:14Z,What is the Accelerated Masters program?,"Accelerated master's programs are designed to provide students with an efficient and cost-effective pathway to earn both a bachelor's and master's. Accelerated master's programs are designed to provide students with an efficient and cost-effective pathway to earn both a bachelor's and master's degree or graduate certificate, enhancing career opportunities and long-term earning potential.","[""- Accelerated Master's Program (https://catalog.unh.edu/graduate/general-information/admissions/#:~:text=gradschool.unh.edu/academics/accelerated-masters-program)"", ""- Accelerated Master's Overview (https://catalog.unh.edu/graduate/programs-study/civil-environmental-engineering/civil-environmental-engineering-ms/#:~:text=Accelerated%20Master%E2%80%99s%20programs%20offer%20qualified%20University%20of%20New%20Hampshire%20undergraduate%20students%20the%20opportunity%20to%20begin%20graduate%20coursework%20in%20select)""]"
2025-09-30T19:04:21Z,Can I take courses without applying?,No. A student who does not hold a master's degree in administration may be required to take specific courses as electives.,"[""- Professional Licensure/Certification Disclosures (https://catalog.unh.edu/graduate/programs-study/education/administration-supervision-eds/#:~:text=A%20student%20who%20does%20not%20hold%20a%20master%27s%20degree%20in%20administration%20may%20be%20required%20to%20take%20specific%20courses%20as%20electives.)""]"
2025-09-30T19:15:25Z,How many credits can I take?,30. A minimum of 30 credits can be taken.,"[""- M.S. Degree Requirements (https://catalog.unh.edu/graduate/programs-study/chemical-engineering-bioengineering/chemical-engineering-ms/#:~:text=A%20minimum%20of%2030%20credits%20%2C%20which%20must%20include%3A)""]"
2025-09-30T19:15:31Z,Do I need to register?,No. The Office of the Registrar's website provides information about whether this program meets professional licensure requirements in your state.,"[""- Professional Licensure/Certification Disclosures (https://catalog.unh.edu/graduate/programs-study/nursing/nursing-adult-gerontology-acute-care-nurse-practitioner-ms/#:~:text=Visit%20the%20Office%20of%20the%20Registrar%27s%20website%20for%20information%20about%20whether%20this%20program%20meets%20professional%20licensure%20requirements%20in%20your%20state.)"", ""- Professional Licensure/Certification Disclosures (https://catalog.unh.edu/graduate/programs-study/education/administration-supervision-eds/#:~:text=Visit%20the%20Office%20of%20the%20Registrar%27s%20website%20for%20information%20about%20whether%20this%20program%20meets%20professional%20licensure%20requirements%20in%20your%20state.)"", ""- Professional Licensure/Certification Disclosures (https://catalog.unh.edu/graduate/programs-study/communication-sciences-disorders/communication-sciences-disorders-ms/#:~:text=Visit%20the%20Office%20of%20the%20Registrar%27s%20website%20for%20information%20about%20whether%20this%20program%20meets%20professional%20licensure%20requirements%20in%20your%20state.)""]"
2025-09-30T19:16:19Z,What financial aid is available?,Graduate assistantships and other types of aid.. You may wish to visit the financial aid section of the Graduate School website for more information about graduate assistantships and other types of aid available to graduate students.,"[""- Financial Aid (https://catalog.unh.edu/graduate/programs-study/spanish/#:~:text=You%20may%20wish%20to%20visit%20the%20financial%20aid%20section%20of%20the%20Graduate%20School%20website%20for%20more%20information%20about%20graduate%20assistantships%20and%20other%20types%20of%20aid)""]"
2025-09-30T19:16:31Z,Where can I find information about assistantships?,Financial aid section of the Graduate School website. You may wish to visit the financial aid section of the Graduate School website for more information about graduate assistantships and other types of aid available to graduate students.,"[""- Financial Aid (https://catalog.unh.edu/graduate/programs-study/spanish/#:~:text=You%20may%20wish%20to%20visit%20the%20financial%20aid%20section%20of%20the%20Graduate%20School%20website%20for%20more%20information%20about%20graduate%20assistantships%20and%20other%20types%20of%20aid)""]"
2025-09-30T19:16:42Z,Can I take a leave of absence?,"Yes.. Students who, because of extenuating circumstances, are unable to pursue their graduate program may request a leave of absence for a maximum of one calendar year. Such circumstances may include medical reasons, military obligation, family emergencies, or hardship.","[""- Non-registration > Leave of Absence (https://catalog.unh.edu/graduate/general-information/registration/#:~:text=Students%20who%2C%20because%20of%20extenuating%20circumstances%2C%20are%20unable%20to%20pursue%20their%20graduate%20program%20may%20request%20a%20leave%20of%20absence%20for%20a%20maximum%20of%20one%20calendar)"", ""- Non-registration > Leave of Absence (https://catalog.unh.edu/graduate/general-information/registration/#:~:text=https%3A//gradschool.unh.edu/student-resources/leave-absence)"", ""- Continuous Registration Policy > Degree Status Discontinued (https://catalog.unh.edu/graduate/general-information/registration/#:~:text=Students%20who%20do%20not%20formally%20withdraw%20and%20do%20not%20register%20and%20pay%20for%20course%20credits%2C%20research%2C%20or%20continuing%20enrollment%20by%20the%20appropriate%20registration)""]"
2025-10-01T21:06:28Z,How many thesis credits must a master’s student enroll in?,At least 6 but no more than 10 thesis credits,"[""- Master's Thesis > Thesis Credit (https://catalog.unh.edu/graduate/academic-regulations-degree-requirements/degree-requirements/#:~:text=During%20their%20degree%20program%2C%20a%20student%20completing%20a%20thesis%20must%20enroll%20in%20at%20least%206%20but%20no%20more%20than%2010%20thesis%20credits.)"", ""- Master's Degree Requirements > Credits (https://catalog.unh.edu/graduate/academic-regulations-degree-requirements/degree-requirements/#:~:text=Many%20programs%20require%20substantially%20more%20than%20the%20minimum%2030%20credits.)"", ""- Internal to UNH (https://catalog.unh.edu/graduate/academic-regulations-degree-requirements/credit-transfer/#:~:text=A%20maximum%20of%2012%20credits%20of%20UNH%20graduate%20level%20%28800-900%29%20courses%20completed%20by%20a%20non-degree%20student%20or%20taken%20as%20an%20accelerated%20master%27s%20student%20may%2C%20upon)"", ""- Thesis Option (https://catalog.unh.edu/graduate/programs-study/earth-sciences/earth-sciences-ms/#:~:text=Students%20in%20the%20thesis%20option%20must%20satisfactorily%20complete%20at%20least%2030%20graduate%20credits%20%2C%20which%20include%20the%20credits%20accumulated%20in%20the%20core%20curriculum.)""]"
2025-10-01T21:06:55Z,What nursing courses are available?,"The degree of doctor of nursing practice is a practice based doctorate that prepares nurses for the highest level of specialized nursing practice. DNP graduates are prepared to translate evidence into practice, improve systems of care, and measure health outcomes in diverse settings. Graduates of the DNP program are prepared for culturally competent, evidence-­based, system-based care, interprofessional collaboration and leadership.","[""- Doctoral Degrees > DNP (https://catalog.unh.edu/graduate/academic-regulations-degree-requirements/degree-requirements/#:~:text=are%20found%20under%20the%20program%20descriptions%20of%20the%20Department%20of%20Nursing.)"", ""- Ph.D. Requirements > Credits (https://catalog.unh.edu/graduate/academic-regulations-degree-requirements/degree-requirements/#:~:text=Each%20program%20specifies%20the%20number%20of%20courses%20required%20for%20the%20degree.)"", ""- NR 658 (https://catalog.unh.edu/search/?P=NR%20658)""]"
2025-10-01T22:17:56Z,How many thesis credits must a master’s student enroll in?,At least 6 but no more than 10 thesis credits,"[""- Master's Thesis > Thesis Credit (https://catalog.unh.edu/graduate/academic-regulations-degree-requirements/degree-requirements/#:~:text=During%20their%20degree%20program%2C%20a%20student%20completing%20a%20thesis%20must%20enroll%20in%20at%20least%206%20but%20no%20more%20than%2010%20thesis%20credits.)"", ""- Master's Degree Requirements > Credits (https://catalog.unh.edu/graduate/academic-regulations-degree-requirements/degree-requirements/#:~:text=Many%20programs%20require%20substantially%20more%20than%20the%20minimum%2030%20credits.)"", ""- Internal to UNH (https://catalog.unh.edu/graduate/academic-regulations-degree-requirements/credit-transfer/#:~:text=A%20maximum%20of%2012%20credits%20of%20UNH%20graduate%20level%20%28800-900%29%20courses%20completed%20by%20a%20non-degree%20student%20or%20taken%20as%20an%20accelerated%20master%27s%20student%20may%2C%20upon)"", ""- Thesis Option (https://catalog.unh.edu/graduate/programs-study/earth-sciences/earth-sciences-ms/#:~:text=Students%20in%20the%20thesis%20option%20must%20satisfactorily%20complete%20at%20least%2030%20graduate%20credits%20%2C%20which%20include%20the%20credits%20accumulated%20in%20the%20core%20curriculum.)""]"
2025-10-01T22:20:27Z,What happens if an accelerated master’s student earns below B- in a graduate course while in dual status?,"The dual-degree arrangement is automatically nullified.. Dual degrees will NOT be awarded retroactively. If the student withdraws from one of the participating programs, the dual-degree arrangement is automatically nullified.","[""- Dual Degrees (https://catalog.unh.edu/graduate/academic-regulations-degree-requirements/degree-requirements/#:~:text=The%20Graduate%20School%20allows%20UNH%20students%20to%20pursue%20two%20degrees%20at%20UNH%20and%20count%20credits%20toward%20both%20degrees%20under%20the%20circumstances%20detailed%20below.)"", ""- Dual Degrees (https://catalog.unh.edu/graduate/academic-regulations-degree-requirements/degree-requirements/#:~:text=If%20the%20student%20withdraws%20from%20one%20of%20the%20participating%20programs%2C%20the%20dual-degree%20arrangement%20is%20automatically%20nullified.)"", ""- General Accelerated Master's policy (https://catalog.unh.edu/graduate/academic-regulations-degree-requirements/degree-requirements/#dual-degrees)""]"
2025-10-01T22:20:50Z,How many chances do master’s or Ed.S. students get to pass their final exam?,"fewer than 9 credits below the ""B--"" level. A graduate student may petition to take undergraduate courses on a pass/fail basis. Such a petition must be approved by the end of the add period for the term the course is taken.","[""- Academic Standards (https://catalog.unh.edu/graduate/academic-regulations-degree-requirements/academic-standards/#:~:text=Thus%2C%20students%20may%20be%20dismissed%20if%20they%20accumulate%20fewer%20than%209%20credits%20below%20the%20%22B%C2%AD-%22%20level%2C%20and/or%20fail%20to%20make%20adequate%20progress%20in%20other%20aspects%20of%20their)"", ""- Grades (https://catalog.unh.edu/graduate/academic-regulations-degree-requirements/grading/#:~:text=Pass/Fail%20Grades%3A%20Graduate%20courses%20cannot%20be%20taken%20pass/fail.)""]"
2025-10-01T22:24:05Z,How many chances do master’s or Ed.S. students get to pass their final exam?,"fewer than 9 credits below the ""B--"" level. A graduate student may petition to take undergraduate courses on a pass/fail basis. Such a petition must be approved by the end of the add period for the term the course is taken.","[""- Academic Standards (https://catalog.unh.edu/graduate/academic-regulations-degree-requirements/academic-standards/#:~:text=Thus%2C%20students%20may%20be%20dismissed%20if%20they%20accumulate%20fewer%20than%209%20credits%20below%20the%20%22B%C2%AD-%22%20level%2C%20and/or%20fail%20to%20make%20adequate%20progress%20in%20other%20aspects%20of%20their)"", ""- Grades (https://catalog.unh.edu/graduate/academic-regulations-degree-requirements/grading/#:~:text=Pass/Fail%20Grades%3A%20Graduate%20courses%20cannot%20be%20taken%20pass/fail.)""]"
2025-10-01T22:26:51Z,What is the minimum passing grade for graduate students?,"A-­ (3.67), B+ (3.33), B+ (3.33), B+ (3.33), C+ (2.33), C. A-­ (3.67), B+ (3.33), B+ (2.67), C+ (2.33), C-­ (1.67), D+ (1.33), D+ (1.33), D-­ (.67), F (0).","[""- Academic Standards (https://catalog.unh.edu/graduate/academic-regulations-degree-requirements/academic-standards/#:~:text=Each%20individual%20program%20may%20set%20and%20announce%20standards%20for%20coursework%2C%20examinations%2C%20and/or%20research%20achievement%20that%20are%20more%20rigorous%20than%20the%20Graduate)"", ""- Grades (https://catalog.unh.edu/graduate/academic-regulations-degree-requirements/grading/#:~:text=Courses%20at%20the%20700-%C2%ADlevel%20approved%20for%20graduate%20credit%20cannot%20be%20taken%20for%20pass/fail.)"", ""- Grades (https://catalog.unh.edu/graduate/academic-regulations-degree-requirements/grading/#:~:text=Graduate%20credit%20is%20only%20granted%20for%20courses%20completed%20with%20a%20grade%20of%20B-%C2%AD%20or%20higher.)"", ""- Degree Conferral (https://catalog.unh.edu/graduate/academic-regulations-degree-requirements/graduation/#:~:text=Graduate%20students%20MUST%20have%20a%20cumulative%20GPA%20of%203.0%20or%20higher%20in%20order%20to%20graduate.)"", ""- Certificate Programs (https://catalog.unh.edu/graduate/academic-regulations-degree-requirements/degree-requirements/#:~:text=Graduate%20certificate%20programs%20require%20the%20completion%20of%20at%20least%204%20graduate%20courses%20for%20a%20minimum%20of%2012%20credits%20of%20graduate%20coursework%20%28800-%20or%20900-level)""]"
2025-10-01T22:29:37Z,Tell me about cyber security,Cyber security is a technology that protects computers from cyber attacks.. Cyber security is a technology that protects people from cyber attacks.,"[""- COMM 802 (https://catalog.unh.edu/search/?P=COMM%20802)""]"
2025-10-01T22:31:54Z,How many credits is Nursing?,63. The program begins in January and includes two summer sessions. Graduates are eligible to take the Clinical Nurse Leader certification exam during their final semester.,"[""- Graduate Program Offerings > Direct Entry Master's in Nursing (DEMN) (https://catalog.unh.edu/graduate/programs-study/nursing/#:~:text=Designed%20for%20individuals%20with%20a%20B.S.%2C%20B.A.%2C%20or%20higher%20in%20a%20non-nursing%20field%2C%20this%20five-semester%2C%2063-credit%20program%20prepares%20students%20to%20practice%20as%20Registered)"", ""- Nursing: Direct Entry (M.S.) (https://catalog.unh.edu/graduate/programs-study/nursing/nursing-direct-entry-ms/)""]"
2025-10-01T22:33:27Z,when do classes begin,No. Classes begin at the end of the year.,"[""- Student Right, Rules, and Responsibilities (https://catalog.unh.edu/srrr/student-policies-regulations/financial-responsibilities/)""]"
2025-10-01T22:33:43Z,how do i find out who my academic advisor is,The Chairperson of the student's program will communicate the examination results to the Graduate School dean. (See academic standards for details.),"[""- Ph.D. Candidacy > Qualifying Examination (https://catalog.unh.edu/graduate/academic-regulations-degree-requirements/degree-requirements/#:~:text=%28See%20academic%20standards%20for%20details.%29)""]"
2025-10-01T22:34:00Z,how do i withdraw?,By obtaining a withdrawal form from the Graduate School website.. A student may request to fully withdraw from their graduate degree program during any semester by obtaining a withdrawal form from the Graduate School website. Students who formally withdraw are required to apply for readmission if they subsequently desire to resume their academic program.,"[""- Grades (https://catalog.unh.edu/graduate/academic-regulations-degree-requirements/grading/#:~:text=Failure%20to%20officially%20withdraw%20will%20result%20in%20an%20AF%20grade%2C%20which%20is%20maintained%20on%20the%20official%20student%20record%20and%20included%20in%20the%20grade%20point%20average%20%28GPA%29.)"", ""- Non-registration > Withdrawal (https://catalog.unh.edu/graduate/general-information/registration/#:~:text=A%20student%20may%20request%20to%20fully%20withdraw%20from%20their%20graduate%20degree%20program%20during%20any%20semester%20by%20obtaining%20a%20withdrawal%20form%20from%20the%20Graduate%20School%20website.)"", ""- Non-registration > Readmission (https://catalog.unh.edu/graduate/general-information/registration/#:~:text=Students%20who%20withdraw%2C%20who%20have%20their%20degree%20status%20discontinued%2C%20or%20whose%20time%20limit%20has%20expired%20and%20subsequently%20desire%20to%20resume%20their%20academic%20program%2C%20are)"", ""- Continuous Registration Policy > Degree Status Discontinued (https://catalog.unh.edu/graduate/general-information/registration/#:~:text=Students%20who%20do%20not%20formally%20withdraw%20and%20do%20not%20register%20and%20pay%20for%20course%20credits%2C%20research%2C%20or%20continuing%20enrollment%20by%20the%20appropriate%20registration)"", ""- Dual Degrees (https://catalog.unh.edu/graduate/academic-regulations-degree-requirements/degree-requirements/#:~:text=If%20the%20student%20withdraws%20from%20one%20of%20the%20participating%20programs%2C%20the%20dual-degree%20arrangement%20is%20automatically%20nullified.)""]"
2025-10-01T22:34:33Z,how do i file for a leave of absence,"a request for a leave of absence.. Students who, because of extenuating circumstances, are unable to pursue their graduate program may request a leave of absence for a maximum of one calendar year. Such circumstances may include medical reasons, military obligation, family emergencies, or hardship.","[""- Non-registration > Leave of Absence (https://catalog.unh.edu/graduate/general-information/registration/#:~:text=https%3A//gradschool.unh.edu/student-resources/leave-absence)"", ""- Non-registration > Leave of Absence (https://catalog.unh.edu/graduate/general-information/registration/#:~:text=Students%20who%2C%20because%20of%20extenuating%20circumstances%2C%20are%20unable%20to%20pursue%20their%20graduate%20program%20may%20request%20a%20leave%20of%20absence%20for%20a%20maximum%20of%20one%20calendar)"", ""- Policy and Procedure for Program Dismissals (https://catalog.unh.edu/graduate/academic-regulations-degree-requirements/academic-standards/#:~:text=Dismissal%20for%20Failure%20to%20Make%20Required%20Academic%20Progress)"", ""- Continuous Registration Policy > Degree Status Discontinued (https://catalog.unh.edu/graduate/general-information/registration/#:~:text=Students%20who%20do%20not%20formally%20withdraw%20and%20do%20not%20register%20and%20pay%20for%20course%20credits%2C%20research%2C%20or%20continuing%20enrollment%20by%20the%20appropriate%20registration)"", ""- Graduate Appointments 2025-2026 > Reappointment, Non-Reappointment and Termination (https://catalog.unh.edu/graduate/general-information/fees-financial-support/#:~:text=If%20the%20graduate%20student%20is%20eligible%2C%20and%20does%20initiate%20an%20appeal%20using%20the%20following%20procedure%2C%20s/he%20may%20be%20placed%20on%20leave%20of%20absence%20without%20pay%20during%20the)""]"
2025-10-01T22:35:54Z,What is full time status?,inactive status. Students who are full­-time may be granted full­- or half-­tuition scholarships for the academic year or semester. These awards provide for waiver of tuition and are subject to the maintenance of a high scholastic record in the Graduate School.,"[""- Applying for Admission > Incomplete Applications (https://catalog.unh.edu/graduate/general-information/admissions/#:~:text=Applications%20that%20remain%20incomplete%20after%20the%20deadline%20for%20a%20program%20has%20passed%2C%20or%20after%20the%20first%20day%20of%20classes%20of%20the%20term%20for%20which%20admission%20was%20desired%2C)"", ""- Scholarships and Fellowships > Scholarships for Full-­Time Students (https://catalog.unh.edu/graduate/general-information/fees-financial-support/#:~:text=Students%20who%20are%20full%C2%AD-time%20may%20be%20granted%20full%C2%AD-%20or%20half-%C2%ADtuition%20scholarships%20for%20the%20academic%20year%20or%20semester.)""]"
2025-10-01T22:46:29Z,What Computer Science courses are there?,CS 830 CS 830 CS 830 CS 830 CS 830 CS 830 CS 830 CS 830. CS 830 Courses: CS 830 Courses: CS 830 Courses: CS 830 Courses: CS 830 Courses: CS 830 Courses: CS 830 Courses: CS 830 Courses: CS 830 Courses: CS 830 Courses: CS 830 Courses: CS 830 Courses: CS 830 Courses: CS 830 Courses: CS 830 Courses: CS 830 Courses: CS 830 Courses: CS 830 Courses: CS,"[""- CS 830 (https://catalog.unh.edu/search/?P=CS%20830)""]"
2025-10-01T22:46:47Z,What is CS 830?,"CS 830 is a series of courses that are taught in CS 830, CS 830, CS 830, CS 830, CS 830, CS 830, CS 830, CS 830, CS 830, CS 830, CS 830, CS 830, CS 830, CS 830, CS 830, CS 830, CS 830, CS 830, CS 830, CS 830, CS 830, CS 830, CS 830","[""- CS 830 (https://catalog.unh.edu/search/?P=CS%20830)""]"
2025-10-01T22:48:44Z,What is Introduction to Artificial Intelligence?,Introduction to Artificial Intelligence. Artificial Intelligence is a process of analyzing and analyzing data.,"[""- UNHInnovation (https://catalog.unh.edu/graduate/general-information/research-scholarship/#:~:text=https%3A//innovation.unh.edu/)"", ""- The SHARPP Center for Interpersonal Violence Awareness, Prevention, and Advocacy (https://catalog.unh.edu/graduate/general-information/academic-support-services/#:~:text=www.unh.edu/sharpp%20.)"", ""- IAM 962 (https://catalog.unh.edu/search/?P=IAM%20962)""]"
2025-10-01T22:49:02Z,How many credits is CS 830?,830. CS 830 is the equivalent of CS 830.,"[""- CS 830 (https://catalog.unh.edu/search/?P=CS%20830)""]"
